-- MySQL dump 10.13  Distrib 5.7.26, for Linux (x86_64)
--
-- Host: localhost    Database: CLUBTENNIS
-- ------------------------------------------------------
-- Server version	5.7.26-0ubuntu0.18.04.1

/*!40101 SET @OLD_CHARACTER_SET_CLIENT=@@CHARACTER_SET_CLIENT */;
/*!40101 SET @OLD_CHARACTER_SET_RESULTS=@@CHARACTER_SET_RESULTS */;
/*!40101 SET @OLD_COLLATION_CONNECTION=@@COLLATION_CONNECTION */;
/*!40101 SET NAMES utf8 */;
/*!40103 SET @OLD_TIME_ZONE=@@TIME_ZONE */;
/*!40103 SET TIME_ZONE='+00:00' */;
/*!40014 SET @OLD_UNIQUE_CHECKS=@@UNIQUE_CHECKS, UNIQUE_CHECKS=0 */;
/*!40014 SET @OLD_FOREIGN_KEY_CHECKS=@@FOREIGN_KEY_CHECKS, FOREIGN_KEY_CHECKS=0 */;
/*!40101 SET @OLD_SQL_MODE=@@SQL_MODE, SQL_MODE='NO_AUTO_VALUE_ON_ZERO' */;
/*!40111 SET @OLD_SQL_NOTES=@@SQL_NOTES, SQL_NOTES=0 */;

--
-- Table structure for table `ABONNE`
--

DROP TABLE IF EXISTS `ABONNE`;
/*!40101 SET @saved_cs_client     = @@character_set_client */;
/*!40101 SET character_set_client = utf8 */;
CREATE TABLE `ABONNE` (
  `ID_ABONNE` int(11) NOT NULL AUTO_INCREMENT,
  `PRENOM_ABONNE` varchar(200) NOT NULL,
  `NOM_ABONNE` varchar(200) NOT NULL,
  `PSEUDO_ABONNE` varchar(200) DEFAULT NULL,
  `EMAIL_ABONNE` varchar(400) NOT NULL,
  `REDUCTION_ABONNE` tinyint(1) NOT NULL DEFAULT '0',
  `DESCRIPTION_ABONNE` varchar(2000) DEFAULT NULL,
  `NIVEAU_ABONNE` enum('D','I','A') DEFAULT 'D',
  `MDP_ABONNE` varchar(255) NOT NULL,
  `ID_CLUB` int(11) NOT NULL DEFAULT '1',
  `ID_ENTRAINEMENT` int(11) DEFAULT NULL,
  PRIMARY KEY (`ID_ABONNE`),
  KEY `ID_CLUB` (`ID_CLUB`),
  KEY `ID_ENTRAINEMENT` (`ID_ENTRAINEMENT`),
  CONSTRAINT `ABONNE_ibfk_1` FOREIGN KEY (`ID_CLUB`) REFERENCES `CLUB` (`ID_CLUB`),
  CONSTRAINT `ABONNE_ibfk_2` FOREIGN KEY (`ID_ENTRAINEMENT`) REFERENCES `ENTRAINEMENT` (`ID_ENTRAINEMENT`)
) ENGINE=InnoDB AUTO_INCREMENT=29 DEFAULT CHARSET=latin1;
/*!40101 SET character_set_client = @saved_cs_client */;

--
-- Dumping data for table `ABONNE`
--

LOCK TABLES `ABONNE` WRITE;
/*!40000 ALTER TABLE `ABONNE` DISABLE KEYS */;
INSERT INTO `ABONNE` VALUES (21,'ALEXANDRE','BOUTIER','NINJA','ninja@gmail.com',1,'Je suis un ninja du tennis !','D','motdepassehashé',1,1),(22,'MAMIE','NOVA','MAMIE NOVA','mamie-nova@gmail.com',1,'Une redoutable adversaire.','A','motdepassehashé',1,1),(23,'CLARK','KENT','SUPERMAN','superman@gmail.com',1,'J\'envoie des boulets de canons.','A','motdepassehashé',1,1),(24,'BORIS','NOM1','PSEUDO1','abonne1@gmail.com',1,'J\'aime jouer au tennis.','D','motdepassehashé',1,1),(25,'SUPERWOMAN','NOM2','PSEUDO2','abonne2@gmail.com',1,'J\'aime jouer au tennis.','D','motdepassehashé',1,1),(26,'ABONNE3','NOM3','PSEUDO3','abonne3@gmail.com',1,'J\'aime jouer au tennis.','D','motdepassehashé',1,1),(27,'Antoine','Bouffard','Xxgeek','antoine.bouffard@gmail.com',1,'Mon service ? Un boulet de canon !','D','motdepassehashé',1,2),(28,'Glen','Le Baill','GlenLB','lebaill.glen@gmail.com',0,'J\'aime jouer au tennis de temps en temps.','D','$2y$10$5xMd/ga5zS/NPSKigOMDeOXeCuYXG/ctq0Q.uKBxApVjQIChc0wAG',1,NULL);
/*!40000 ALTER TABLE `ABONNE` ENABLE KEYS */;
UNLOCK TABLES;

--
-- Table structure for table `ABONNE_GAGNE_MATCH`
--

DROP TABLE IF EXISTS `ABONNE_GAGNE_MATCH`;
/*!40101 SET @saved_cs_client     = @@character_set_client */;
/*!40101 SET character_set_client = utf8 */;
CREATE TABLE `ABONNE_GAGNE_MATCH` (
  `ID_ABONNE` int(11) NOT NULL,
  `ID_MATCH` int(11) NOT NULL,
  PRIMARY KEY (`ID_ABONNE`,`ID_MATCH`),
  KEY `ID_MATCH` (`ID_MATCH`),
  CONSTRAINT `ABONNE_GAGNE_MATCH_ibfk_1` FOREIGN KEY (`ID_ABONNE`) REFERENCES `ABONNE` (`ID_ABONNE`),
  CONSTRAINT `ABONNE_GAGNE_MATCH_ibfk_2` FOREIGN KEY (`ID_MATCH`) REFERENCES `MATCH_TENNIS` (`ID_MATCH`)
) ENGINE=InnoDB DEFAULT CHARSET=latin1;
/*!40101 SET character_set_client = @saved_cs_client */;

--
-- Dumping data for table `ABONNE_GAGNE_MATCH`
--

LOCK TABLES `ABONNE_GAGNE_MATCH` WRITE;
/*!40000 ALTER TABLE `ABONNE_GAGNE_MATCH` DISABLE KEYS */;
INSERT INTO `ABONNE_GAGNE_MATCH` VALUES (25,1),(23,2),(23,3),(23,4),(23,5);
/*!40000 ALTER TABLE `ABONNE_GAGNE_MATCH` ENABLE KEYS */;
UNLOCK TABLES;

--
-- Table structure for table `ABONNE_PERD_MATCH`
--

DROP TABLE IF EXISTS `ABONNE_PERD_MATCH`;
/*!40101 SET @saved_cs_client     = @@character_set_client */;
/*!40101 SET character_set_client = utf8 */;
CREATE TABLE `ABONNE_PERD_MATCH` (
  `ID_ABONNE` int(11) NOT NULL,
  `ID_MATCH` int(11) NOT NULL,
  PRIMARY KEY (`ID_ABONNE`,`ID_MATCH`),
  KEY `ID_MATCH` (`ID_MATCH`),
  CONSTRAINT `ABONNE_PERD_MATCH_ibfk_1` FOREIGN KEY (`ID_ABONNE`) REFERENCES `ABONNE` (`ID_ABONNE`),
  CONSTRAINT `ABONNE_PERD_MATCH_ibfk_2` FOREIGN KEY (`ID_MATCH`) REFERENCES `MATCH_TENNIS` (`ID_MATCH`)
) ENGINE=InnoDB DEFAULT CHARSET=latin1;
/*!40101 SET character_set_client = @saved_cs_client */;

--
-- Dumping data for table `ABONNE_PERD_MATCH`
--

LOCK TABLES `ABONNE_PERD_MATCH` WRITE;
/*!40000 ALTER TABLE `ABONNE_PERD_MATCH` DISABLE KEYS */;
INSERT INTO `ABONNE_PERD_MATCH` VALUES (24,1),(22,2);
/*!40000 ALTER TABLE `ABONNE_PERD_MATCH` ENABLE KEYS */;
UNLOCK TABLES;

--
-- Table structure for table `AVATAR`
--

DROP TABLE IF EXISTS `AVATAR`;
/*!40101 SET @saved_cs_client     = @@character_set_client */;
/*!40101 SET character_set_client = utf8 */;
CREATE TABLE `AVATAR` (
  `ID_AVATAR` int(11) NOT NULL AUTO_INCREMENT,
  `FILENAME_AVATAR` varchar(500) NOT NULL,
  `ID_ABONNE` int(11) NOT NULL,
  PRIMARY KEY (`ID_AVATAR`),
  KEY `ID_ABONNE` (`ID_ABONNE`),
  CONSTRAINT `AVATAR_ibfk_1` FOREIGN KEY (`ID_ABONNE`) REFERENCES `ABONNE` (`ID_ABONNE`)
) ENGINE=InnoDB AUTO_INCREMENT=5 DEFAULT CHARSET=latin1;
/*!40101 SET character_set_client = @saved_cs_client */;

--
-- Dumping data for table `AVATAR`
--

LOCK TABLES `AVATAR` WRITE;
/*!40000 ALTER TABLE `AVATAR` DISABLE KEYS */;
INSERT INTO `AVATAR` VALUES (3,'SUPERMAN_AVATAR.jpg',23),(4,'MAMIE_NOVA_AVATAR.jpg',22);
/*!40000 ALTER TABLE `AVATAR` ENABLE KEYS */;
UNLOCK TABLES;

--
-- Table structure for table `CLUB`
--

DROP TABLE IF EXISTS `CLUB`;
/*!40101 SET @saved_cs_client     = @@character_set_client */;
/*!40101 SET character_set_client = utf8 */;
CREATE TABLE `CLUB` (
  `ID_CLUB` int(11) NOT NULL AUTO_INCREMENT,
  `NOM_CLUB` varchar(200) NOT NULL,
  `HORAIRES_CLUB` varchar(2000) DEFAULT NULL,
  `TEL_CLUB` char(10) NOT NULL,
  `EMAIL_CLUB` varchar(400) NOT NULL,
  `ADRESSE_CLUB` varchar(2000) NOT NULL,
  PRIMARY KEY (`ID_CLUB`)
) ENGINE=InnoDB AUTO_INCREMENT=6 DEFAULT CHARSET=latin1;
/*!40101 SET character_set_client = @saved_cs_client */;

--
-- Dumping data for table `CLUB`
--

LOCK TABLES `CLUB` WRITE;
/*!40000 ALTER TABLE `CLUB` DISABLE KEYS */;
INSERT INTO `CLUB` VALUES (1,'EARTHLOADER','08h00-12h00-16h00-21h00','0102030405','earthloader-tennis@earthloader.fr','1 rue de la Salle, 85100 Les Sables d\'Olonne'),(2,'Bouffard club','08h00-12h00-16h00-21h00','0290302114','bouffard-club-tennis@earthloader.fr','15 allée de l\'Herbe verte, Lieu dit BouffardVille'),(3,'LE BAILL CLUB','08h00-12h00-16h00-20h00','0299252207','lebaill-club-tennis@earthloader.fr','7 allée du grand-soleil, 35740 Beautiful City'),(4,'ideo tennis','08h00-12h00-16h00-20h00','0299252208','ideo-club-tennis@earthloader.fr','Zone commerciale du terrain, 14789 Pissenville'),(5,'elite tennis','08h00-12h00-16h00-20h00','0499252208','elite-tennis@earthloader.fr','ZA de la croix verte, 35000 Rennes');
/*!40000 ALTER TABLE `CLUB` ENABLE KEYS */;
UNLOCK TABLES;

--
-- Table structure for table `ENTRAINEMENT`
--

DROP TABLE IF EXISTS `ENTRAINEMENT`;
/*!40101 SET @saved_cs_client     = @@character_set_client */;
/*!40101 SET character_set_client = utf8 */;
CREATE TABLE `ENTRAINEMENT` (
  `ID_ENTRAINEMENT` int(11) NOT NULL AUTO_INCREMENT,
  `HEURE_DEBUT_ENTRAINEMENT` datetime NOT NULL,
  `HEURE_FIN_ENTRAINEMENT` datetime NOT NULL,
  `NIVEAU_ENTRAINEMENT` enum('D','I','A') NOT NULL DEFAULT 'D',
  `ID_CLUB` int(11) DEFAULT NULL,
  PRIMARY KEY (`ID_ENTRAINEMENT`),
  KEY `ID_CLUB` (`ID_CLUB`),
  CONSTRAINT `ENTRAINEMENT_ibfk_1` FOREIGN KEY (`ID_CLUB`) REFERENCES `CLUB` (`ID_CLUB`)
) ENGINE=InnoDB AUTO_INCREMENT=4 DEFAULT CHARSET=latin1;
/*!40101 SET character_set_client = @saved_cs_client */;

--
-- Dumping data for table `ENTRAINEMENT`
--

LOCK TABLES `ENTRAINEMENT` WRITE;
/*!40000 ALTER TABLE `ENTRAINEMENT` DISABLE KEYS */;
INSERT INTO `ENTRAINEMENT` VALUES (1,'2019-03-22 16:50:25','2019-03-22 19:00:00','D',1),(2,'2019-03-26 13:06:40','2019-03-26 15:06:40','D',1),(3,'2019-03-24 11:17:18','2019-03-24 13:17:34','D',1);
/*!40000 ALTER TABLE `ENTRAINEMENT` ENABLE KEYS */;
UNLOCK TABLES;

--
-- Table structure for table `ENTRAINEMENT_A_ENTRAINEUR`
--

DROP TABLE IF EXISTS `ENTRAINEMENT_A_ENTRAINEUR`;
/*!40101 SET @saved_cs_client     = @@character_set_client */;
/*!40101 SET character_set_client = utf8 */;
CREATE TABLE `ENTRAINEMENT_A_ENTRAINEUR` (
  `ID_ENTRAINEMENT` int(11) NOT NULL,
  `ID_ENTRAINEUR` int(11) NOT NULL,
  PRIMARY KEY (`ID_ENTRAINEMENT`,`ID_ENTRAINEUR`),
  KEY `ID_ENTRAINEUR` (`ID_ENTRAINEUR`),
  CONSTRAINT `ENTRAINEMENT_A_ENTRAINEUR_ibfk_1` FOREIGN KEY (`ID_ENTRAINEMENT`) REFERENCES `ENTRAINEMENT` (`ID_ENTRAINEMENT`),
  CONSTRAINT `ENTRAINEMENT_A_ENTRAINEUR_ibfk_2` FOREIGN KEY (`ID_ENTRAINEUR`) REFERENCES `ENTRAINEUR` (`ID_ENTRAINEUR`)
) ENGINE=InnoDB DEFAULT CHARSET=latin1;
/*!40101 SET character_set_client = @saved_cs_client */;

--
-- Dumping data for table `ENTRAINEMENT_A_ENTRAINEUR`
--

LOCK TABLES `ENTRAINEMENT_A_ENTRAINEUR` WRITE;
/*!40000 ALTER TABLE `ENTRAINEMENT_A_ENTRAINEUR` DISABLE KEYS */;
INSERT INTO `ENTRAINEMENT_A_ENTRAINEUR` VALUES (1,1),(2,2),(3,3),(3,4);
/*!40000 ALTER TABLE `ENTRAINEMENT_A_ENTRAINEUR` ENABLE KEYS */;
UNLOCK TABLES;

--
-- Table structure for table `ENTRAINEMENT_A_LIEU_SUR_TERRAIN`
--

DROP TABLE IF EXISTS `ENTRAINEMENT_A_LIEU_SUR_TERRAIN`;
/*!40101 SET @saved_cs_client     = @@character_set_client */;
/*!40101 SET character_set_client = utf8 */;
CREATE TABLE `ENTRAINEMENT_A_LIEU_SUR_TERRAIN` (
  `ID_TERRAIN` int(11) NOT NULL,
  `ID_ENTRAINEMENT` int(11) NOT NULL,
  PRIMARY KEY (`ID_TERRAIN`,`ID_ENTRAINEMENT`),
  KEY `ID_ENTRAINEMENT` (`ID_ENTRAINEMENT`),
  CONSTRAINT `ENTRAINEMENT_A_LIEU_SUR_TERRAIN_ibfk_1` FOREIGN KEY (`ID_TERRAIN`) REFERENCES `TERRAIN` (`ID_TERRAIN`),
  CONSTRAINT `ENTRAINEMENT_A_LIEU_SUR_TERRAIN_ibfk_2` FOREIGN KEY (`ID_ENTRAINEMENT`) REFERENCES `ENTRAINEMENT` (`ID_ENTRAINEMENT`)
) ENGINE=InnoDB DEFAULT CHARSET=latin1;
/*!40101 SET character_set_client = @saved_cs_client */;

--
-- Dumping data for table `ENTRAINEMENT_A_LIEU_SUR_TERRAIN`
--

LOCK TABLES `ENTRAINEMENT_A_LIEU_SUR_TERRAIN` WRITE;
/*!40000 ALTER TABLE `ENTRAINEMENT_A_LIEU_SUR_TERRAIN` DISABLE KEYS */;
INSERT INTO `ENTRAINEMENT_A_LIEU_SUR_TERRAIN` VALUES (1,1),(7,1),(2,2),(3,3),(7,3);
/*!40000 ALTER TABLE `ENTRAINEMENT_A_LIEU_SUR_TERRAIN` ENABLE KEYS */;
UNLOCK TABLES;

--
-- Table structure for table `ENTRAINEUR`
--

DROP TABLE IF EXISTS `ENTRAINEUR`;
/*!40101 SET @saved_cs_client     = @@character_set_client */;
/*!40101 SET character_set_client = utf8 */;
CREATE TABLE `ENTRAINEUR` (
  `ID_ENTRAINEUR` int(11) NOT NULL AUTO_INCREMENT,
  `PRENOM_ENTRAINEUR` varchar(200) NOT NULL,
  `NOM_ENTRAINEUR` varchar(200) NOT NULL,
  `DESCRIPTION_ENTRAINEUR` varchar(2000) DEFAULT NULL,
  PRIMARY KEY (`ID_ENTRAINEUR`)
) ENGINE=InnoDB AUTO_INCREMENT=6 DEFAULT CHARSET=latin1;
/*!40101 SET character_set_client = @saved_cs_client */;

--
-- Dumping data for table `ENTRAINEUR`
--

LOCK TABLES `ENTRAINEUR` WRITE;
/*!40000 ALTER TABLE `ENTRAINEUR` DISABLE KEYS */;
INSERT INTO `ENTRAINEUR` VALUES (1,'ROBERT','DE NIRO','UN ENTRAINEUR QUI PLAISANTE PAS'),(2,'RAMBO','LE SEUL L\'UNIQUE','BANZAAAAAAAÏÏÏÏ'),(3,'ROCKY','BALBOA','ADRIEEEENNNNNEEEE !!!'),(4,'CHUCK','NORRIS','IL A INVENTÉ LA DSB, 3 FOIS'),(5,'RAPHAËL','NADAL','DES POMPES !');
/*!40000 ALTER TABLE `ENTRAINEUR` ENABLE KEYS */;
UNLOCK TABLES;

--
-- Table structure for table `ENTRAINEUR_TRAVAILLE_POUR_CLUB`
--

DROP TABLE IF EXISTS `ENTRAINEUR_TRAVAILLE_POUR_CLUB`;
/*!40101 SET @saved_cs_client     = @@character_set_client */;
/*!40101 SET character_set_client = utf8 */;
CREATE TABLE `ENTRAINEUR_TRAVAILLE_POUR_CLUB` (
  `ID_ENTRAINEUR` int(11) NOT NULL,
  `ID_CLUB` int(11) NOT NULL,
  PRIMARY KEY (`ID_ENTRAINEUR`,`ID_CLUB`),
  KEY `ID_CLUB` (`ID_CLUB`),
  CONSTRAINT `ENTRAINEUR_TRAVAILLE_POUR_CLUB_ibfk_1` FOREIGN KEY (`ID_ENTRAINEUR`) REFERENCES `ENTRAINEUR` (`ID_ENTRAINEUR`),
  CONSTRAINT `ENTRAINEUR_TRAVAILLE_POUR_CLUB_ibfk_2` FOREIGN KEY (`ID_CLUB`) REFERENCES `CLUB` (`ID_CLUB`)
) ENGINE=InnoDB DEFAULT CHARSET=latin1;
/*!40101 SET character_set_client = @saved_cs_client */;

--
-- Dumping data for table `ENTRAINEUR_TRAVAILLE_POUR_CLUB`
--

LOCK TABLES `ENTRAINEUR_TRAVAILLE_POUR_CLUB` WRITE;
/*!40000 ALTER TABLE `ENTRAINEUR_TRAVAILLE_POUR_CLUB` DISABLE KEYS */;
/*!40000 ALTER TABLE `ENTRAINEUR_TRAVAILLE_POUR_CLUB` ENABLE KEYS */;
UNLOCK TABLES;

--
-- Table structure for table `GALERIE`
--

DROP TABLE IF EXISTS `GALERIE`;
/*!40101 SET @saved_cs_client     = @@character_set_client */;
/*!40101 SET character_set_client = utf8 */;
CREATE TABLE `GALERIE` (
  `ID` int(11) NOT NULL AUTO_INCREMENT,
  `CONTENT` varchar(1000) DEFAULT NULL,
  PRIMARY KEY (`ID`)
) ENGINE=InnoDB AUTO_INCREMENT=14 DEFAULT CHARSET=latin1;
/*!40101 SET character_set_client = @saved_cs_client */;

--
-- Dumping data for table `GALERIE`
--

LOCK TABLES `GALERIE` WRITE;
/*!40000 ALTER TABLE `GALERIE` DISABLE KEYS */;
INSERT INTO `GALERIE` VALUES (1,'galerie1.jpg'),(2,'galerie2.jpg'),(3,'galerie3.jpg'),(4,'galerie4.jpg'),(5,'galerie5.jpg'),(6,'galerie6.jpg');
/*!40000 ALTER TABLE `GALERIE` ENABLE KEYS */;
UNLOCK TABLES;

--
-- Table structure for table `IMAGE_PW`
--

DROP TABLE IF EXISTS `IMAGE_PW`;
/*!40101 SET @saved_cs_client     = @@character_set_client */;
/*!40101 SET character_set_client = utf8 */;
CREATE TABLE `IMAGE_PW` (
  `ID_IMAGE` int(11) NOT NULL AUTO_INCREMENT,
  `FILENAME_IMAGE` varchar(500) NOT NULL,
  PRIMARY KEY (`ID_IMAGE`)
) ENGINE=InnoDB DEFAULT CHARSET=latin1;
/*!40101 SET character_set_client = @saved_cs_client */;

--
-- Dumping data for table `IMAGE_PW`
--

LOCK TABLES `IMAGE_PW` WRITE;
/*!40000 ALTER TABLE `IMAGE_PW` DISABLE KEYS */;
/*!40000 ALTER TABLE `IMAGE_PW` ENABLE KEYS */;
UNLOCK TABLES;

--
-- Table structure for table `MATCH_TENNIS`
--

DROP TABLE IF EXISTS `MATCH_TENNIS`;
/*!40101 SET @saved_cs_client     = @@character_set_client */;
/*!40101 SET character_set_client = utf8 */;
CREATE TABLE `MATCH_TENNIS` (
  `ID_MATCH` int(11) NOT NULL AUTO_INCREMENT,
  `HEURE_DEBUT_MATCH` datetime NOT NULL,
  `HEURE_FIN_MATCH` datetime NOT NULL,
  `COMPETITION_MATCH` tinyint(1) NOT NULL DEFAULT '0',
  `ID_CLUB` int(11) DEFAULT NULL,
  `ID_TERRAIN` int(11) DEFAULT NULL,
  PRIMARY KEY (`ID_MATCH`),
  KEY `ID_CLUB` (`ID_CLUB`),
  KEY `ID_TERRAIN` (`ID_TERRAIN`),
  CONSTRAINT `MATCH_TENNIS_ibfk_1` FOREIGN KEY (`ID_CLUB`) REFERENCES `CLUB` (`ID_CLUB`),
  CONSTRAINT `MATCH_TENNIS_ibfk_2` FOREIGN KEY (`ID_TERRAIN`) REFERENCES `TERRAIN` (`ID_TERRAIN`)
) ENGINE=InnoDB AUTO_INCREMENT=6 DEFAULT CHARSET=latin1;
/*!40101 SET character_set_client = @saved_cs_client */;

--
-- Dumping data for table `MATCH_TENNIS`
--

LOCK TABLES `MATCH_TENNIS` WRITE;
/*!40000 ALTER TABLE `MATCH_TENNIS` DISABLE KEYS */;
INSERT INTO `MATCH_TENNIS` VALUES (1,'2019-03-26 13:48:54','2019-03-26 15:49:18',1,1,1),(2,'2019-03-24 13:51:38','2019-03-24 15:51:38',1,1,1),(3,'2019-03-19 06:53:07','2019-03-19 09:53:07',1,1,1),(4,'2019-03-06 11:53:48','2019-03-06 14:53:48',1,1,1),(5,'2019-03-04 12:54:32','2019-03-04 15:54:32',1,1,1);
/*!40000 ALTER TABLE `MATCH_TENNIS` ENABLE KEYS */;
UNLOCK TABLES;

--
-- Table structure for table `TERRAIN`
--

DROP TABLE IF EXISTS `TERRAIN`;
/*!40101 SET @saved_cs_client     = @@character_set_client */;
/*!40101 SET character_set_client = utf8 */;
CREATE TABLE `TERRAIN` (
  `ID_TERRAIN` int(11) NOT NULL AUTO_INCREMENT,
  `COUVERT_TERRAIN` tinyint(1) NOT NULL DEFAULT '0',
  `TYPE_TERRAIN` enum('TB','G','S') NOT NULL DEFAULT 'S',
  `ID_CLUB` int(11) NOT NULL,
  PRIMARY KEY (`ID_TERRAIN`),
  KEY `ID_CLUB` (`ID_CLUB`),
  CONSTRAINT `TERRAIN_ibfk_1` FOREIGN KEY (`ID_CLUB`) REFERENCES `CLUB` (`ID_CLUB`)
) ENGINE=InnoDB AUTO_INCREMENT=15 DEFAULT CHARSET=latin1;
/*!40101 SET character_set_client = @saved_cs_client */;

--
-- Dumping data for table `TERRAIN`
--

LOCK TABLES `TERRAIN` WRITE;
/*!40000 ALTER TABLE `TERRAIN` DISABLE KEYS */;
INSERT INTO `TERRAIN` VALUES (1,0,'TB',1),(2,0,'TB',1),(3,0,'TB',1),(4,0,'TB',1),(5,0,'G',1),(6,0,'G',1),(7,1,'S',1),(8,1,'S',1),(9,1,'S',1),(10,1,'S',1),(11,1,'S',1),(12,1,'S',1),(13,1,'S',1),(14,1,'S',1);
/*!40000 ALTER TABLE `TERRAIN` ENABLE KEYS */;
UNLOCK TABLES;
/*!40103 SET TIME_ZONE=@OLD_TIME_ZONE */;

/*!40101 SET SQL_MODE=@OLD_SQL_MODE */;
/*!40014 SET FOREIGN_KEY_CHECKS=@OLD_FOREIGN_KEY_CHECKS */;
/*!40014 SET UNIQUE_CHECKS=@OLD_UNIQUE_CHECKS */;
/*!40101 SET CHARACTER_SET_CLIENT=@OLD_CHARACTER_SET_CLIENT */;
/*!40101 SET CHARACTER_SET_RESULTS=@OLD_CHARACTER_SET_RESULTS */;
/*!40101 SET COLLATION_CONNECTION=@OLD_COLLATION_CONNECTION */;
/*!40111 SET SQL_NOTES=@OLD_SQL_NOTES */;

-- Dump completed on 2019-05-10 14:17:32
